Order ID,Order Date,Region,Product ID,Quantity,Sales Amount ($)
3,2024-01-03,West,5,2,240
39,2024-01-03,South,3,5,225
112,2024-01-03,West,4,2,50
119,2024-01-03,East,2,5,1100
180,2024-01-03,West,5,4,480
61,2024-01-05,West,2,2,440
128,2024-01-05,East,1,1,900
101,2024-01-06,South,2,3,660
74,2024-01-08,South,1,5,4500
104,2024-01-09,North,3,3,135
144,2024-01-10,West,1,4,3600
89,2024-01-11,West,6,3,210
191,2024-01-14,East,5,2,240
131,2024-01-15,North,4,3,75
161,2024-01-24,West,6,1,70
46,2024-01-25,East,2,5,1100
52,2024-01-26,East,3,1,45
110,2024-01-27,South,4,3,75
157,2024-02-02,East,1,3,2700
36,2024-02-07,West,1,2,1800
5,2024-02-08,North,1,5,4500
95,2024-02-09,North,6,3,210
171,2024-02-11,South,3,5,225
2,2024-02-12,North,1,5,4500
155,2024-02-13,West,3,3,135
76,2024-02-15,East,5,1,120
98,2024-02-15,North,1,3,2700
75,2024-02-17,West,3,1,45
183,2024-02-18,North,6,4,280
8,2024-02-19,East,2,5,1100
9,2024-02-19,South,5,2,240
146,2024-02-19,North,2,2,440
137,2024-02-20,South,5,2,240
83,2024-02-25,South,6,3,210
59,2024-02-26,West,6,3,210
91,2024-02-26,South,5,1,120
117,2024-03-01,East,2,3,660
139,2024-03-01,West,5,5,600
68,2024-03-02,East,5,4,480
43,2024-03-04,East,3,1,45
114,2024-03-06,East,1,4,3600
84,2024-03-09,South,6,3,210
7,2024-03-10,West,1,5,4500
124,2024-03-10,South,6,4,280
48,2024-03-12,South,5,3,360
32,2024-03-14,East,3,1,45
182,2024-03-17,North,2,2,440
63,2024-03-18,South,6,3,210
24,2024-03-20,North,4,3,75
40,2024-03-21,East,5,4,480
162,2024-03-21,East,4,5,125
185,2024-03-21,East,6,3,210
93,2024-03-27,West,2,3,660
116,2024-04-02,East,5,3,360
4,2024-04-03,West,4,1,25
170,2024-04-03,South,5,2,240
29,2024-04-05,North,3,4,180
158,2024-04-09,West,6,2,140
198,2024-04-09,East,2,4,880
197,2024-04-10,South,2,4,880
177,2024-04-13,West,1,3,2700
106,2024-04-15,North,5,4,480
192,2024-04-16,West,1,1,900
45,2024-04-17,East,5,1,120
51,2024-04-17,West,6,2,140
184,2024-04-19,North,1,2,1800
30,2024-04-22,South,2,2,440
193,2024-04-22,West,1,3,2700
53,2024-04-23,East,4,3,75
25,2024-04-25,East,4,1,25
159,2024-04-25,East,5,3,360
188,2024-04-26,North,4,3,75
50,2024-04-27,West,5,2,240
97,2024-05-03,South,1,1,900
148,2024-05-04,East,5,5,600
66,2024-05-07,East,2,1,220
92,2024-05-09,North,1,1,900
121,2024-05-10,South,4,1,25
115,2024-05-12,East,4,1,25
147,2024-05-12,South,2,5,1100
142,2024-05-15,West,6,5,350
189,2024-05-15,East,1,5,4500
21,2024-05-16,North,1,1,900
15,2024-05-17,West,1,5,4500
187,2024-05-17,South,1,1,900
16,2024-05-20,North,3,4,180
140,2024-05-22,North,1,4,3600
196,2024-05-24,North,2,1,220
133,2024-05-26,North,6,4,280
54,2024-06-03,South,4,3,75
152,2024-06-04,East,3,4,180
33,2024-06-05,North,5,5,600
164,2024-06-10,East,4,4,100
19,2024-06-11,East,5,5,600
88,2024-06-11,North,4,2,50
156,2024-06-14,East,5,1,120
41,2024-06-16,North,3,5,225
37,2024-06-20,North,2,1,220
73,2024-06-22,West,5,1,120
195,2024-06-22,West,6,4,280
174,2024-06-25,North,4,3,75
153,2024-06-27,West,1,3,2700
6,2024-07-02,South,5,5,600
18,2024-07-02,North,2,4,880
82,2024-07-03,South,6,2,140
96,2024-07-03,East,6,2,140
94,2024-07-05,West,6,3,210
17,2024-07-06,East,1,5,4500
99,2024-07-09,South,3,5,225
178,2024-07-10,North,6,4,280
90,2024-07-11,East,4,1,25
26,2024-07-13,West,2,2,440
34,2024-07-13,West,4,5,125
173,2024-07-14,South,6,4,280
120,2024-07-19,North,1,2,1800
1,2024-07-21,North,3,2,90
165,2024-07-21,South,3,3,135
200,2024-07-22,North,2,4,880
179,2024-07-23,West,2,1,220
12,2024-07-25,East,6,5,350
123,2024-07-25,East,6,5,350
65,2024-07-28,South,5,2,240
194,2024-08-02,East,3,2,90
80,2024-08-05,West,5,2,240
58,2024-08-06,West,4,2,50
55,2024-08-07,East,1,2,1800
181,2024-08-08,North,5,4,480
118,2024-08-09,South,4,1,25
145,2024-08-09,West,1,5,4500
81,2024-08-11,North,1,4,3600
13,2024-08-12,East,4,5,125
27,2024-08-13,East,1,2,1800
149,2024-08-13,North,2,4,880
169,2024-08-14,South,4,3,75
42,2024-08-16,West,1,4,3600
78,2024-08-17,West,6,3,210
190,2024-08-17,South,3,2,90
129,2024-08-18,North,1,4,3600
168,2024-08-18,South,2,5,1100
72,2024-08-20,North,2,2,440
199,2024-08-20,South,1,5,4500
35,2024-08-21,West,4,1,25
150,2024-08-22,West,2,1,220
44,2024-08-27,South,6,3,210
135,2024-08-28,West,2,4,880
132,2024-09-03,North,6,5,350
163,2024-09-05,South,4,1,25
143,2024-09-07,East,4,1,25
28,2024-09-09,West,2,4,880
49,2024-09-11,South,5,5,600
87,2024-09-13,East,2,4,880
69,2024-09-14,South,4,5,125
70,2024-09-17,North,5,2,240
176,2024-09-21,South,6,5,350
103,2024-09-22,South,3,4,180
166,2024-09-22,West,3,4,180
10,2024-09-23,North,3,1,45
102,2024-09-25,South,3,3,135
122,2024-09-28,South,1,5,4500
71,2024-10-01,South,4,2,50
38,2024-10-05,North,1,1,900
31,2024-10-06,East,1,4,3600
11,2024-10-07,West,5,1,120
172,2024-10-07,North,3,3,135
113,2024-10-08,East,5,3,360
67,2024-10-11,East,5,2,240
175,2024-10-12,South,4,3,75
77,2024-10-17,South,5,5,600
56,2024-10-20,North,2,4,880
20,2024-10-26,West,5,4,480
62,2024-10-27,West,6,2,140
126,2024-10-27,North,5,5,600
57,2024-11-03,North,4,3,75
167,2024-11-06,North,1,2,1800
136,2024-11-10,North,1,4,3600
23,2024-11-12,North,3,4,180
160,2024-11-13,South,4,1,25
125,2024-11-14,South,1,5,4500
107,2024-11-16,West,6,4,280
141,2024-11-16,East,6,2,140
130,2024-11-18,South,6,1,70
22,2024-11-19,West,1,3,2700
111,2024-11-24,East,1,1,900
138,2024-11-24,East,3,3,135
86,2024-11-27,South,4,2,50
154,2024-12-01,East,1,2,1800
60,2024-12-03,South,4,4,100
85,2024-12-04,West,4,2,50
151,2024-12-05,West,4,3,75
108,2024-12-07,South,5,3,360
100,2024-12-08,North,1,5,4500
79,2024-12-17,East,5,2,240
105,2024-12-17,South,1,1,900
64,2024-12-21,North,1,1,900
127,2024-12-22,South,6,5,350
109,2024-12-24,South,3,2,90
14,2024-12-25,South,2,2,440
134,2024-12-25,South,3,2,90
186,2024-12-25,North,5,4,480
47,2024-12-28,East,6,1,70
